Instance,Time Elapsed
syn40m04m.py,55.227816104888916
synthes1.py,0.5650749206542969
synthes2.py,2.0404820442199707
synthes3.py,2.6527628898620605
unitcommit1.py,2.624150037765503
